Id	Date	Time	Transaction Type	Format
o32975183	9/17/2020	12:36	EndNote - Download / Install	In Person
o32974223	9/17/2020	12:01	Computer Headcount	Computer Headcount
o32973705	9/17/2020	11:42	Office Supplies	In Person
o32972783	9/17/2020	11:03	Computer Headcount	Computer Headcount
o32971830	9/17/2020	10:16	Computer Headcount	Computer Headcount
o32971728	9/17/2020	10:10	General Information	In Person
o32971142	9/17/2020	9:26	Hours / Access Policy	In Person
o32970927	9/17/2020	9:04	Computer Headcount	Computer Headcount
o32968550	9/16/2020	19:23	Computer Login / Policy / Use	LibAnswers System
o32968353	9/16/2020	19:08	Computer Login / Policy / Use	LibAnswers System
o32962101	9/16/2020	15:00	General Information	LibAnswers System
o32960783	9/16/2020	14:14	Computer Headcount	Computer Headcount
o32958717	9/16/2020	13:02	Computer Headcount	Computer Headcount
o32958214	9/16/2020	12:44	Technical Support	In Person
o32958118	9/16/2020	12:40	Office Supplies	In Person
o32957584	9/16/2020	12:18	Borrow Laptop / Device	Telephone
o32957457	9/16/2020	12:13	Directional - Library	In Person
o32957128	9/16/2020	12:01	Computer Headcount	Computer Headcount
o32956563	9/16/2020	11:41	Printing	In Person
o32955644	9/16/2020	11:03	Computer Headcount	Computer Headcount
o32954823	9/16/2020	10:32	General Information	In Person
o32954372	9/16/2020	10:08	Computer Headcount	Computer Headcount
o32954029	9/16/2020	9:47	Hours / Access Policy	Telephone
o32953774	9/16/2020	9:31	Computer Headcount	Computer Headcount
o32951065	9/15/2020	19:35	Directional - Library	In Person
o32951010	9/15/2020	19:31	Computer Login / Policy / Use	In Person
o32951014	9/15/2020	19:31	Technical Support	In Person
o32950679	9/15/2020	19:08	Computer Headcount	Computer Headcount
o32950608	9/15/2020	19:04	Printing	In Person
o32950035	9/15/2020	18:27	Computer Login / Policy / Use	Voicemail
o32949913	9/15/2020	18:20	General Information	Voicemail
o32949889	9/15/2020	18:18	Borrowing Books	Voicemail
o32949752	9/15/2020	18:12	General Information	Voicemail
o32949718	9/15/2020	18:09	General Information	Voicemail
o32949629	9/15/2020	18:07	Technical Support	Voicemail
o32949835	9/15/2020	18:00	Computer Headcount	Computer Headcount
o32948792	9/15/2020	17:37	Computer Login / Policy / Use	In Person
o32948788	9/15/2020	17:36	Printing	In Person
o32948513	9/15/2020	17:23	Computer Headcount	Computer Headcount
o32948179	9/15/2020	17:08	Hours / Access Policy	Telephone
o32946584	9/15/2020	16:11	Hours / Access Policy	LibAnswers System
o32945855	9/15/2020	15:47	Printing	LibAnswers System
o32944652	9/15/2020	15:08	General Information	Telephone
o32944653	9/15/2020	15:08	General Information	Telephone
o32944239	9/15/2020	14:53	Technical Support	In Person
o32944242	9/15/2020	14:53	Technical Support	In Person
o32944245	9/15/2020	14:53	Technical Support	In Person
o32944026	9/15/2020	14:46	Computer Headcount	Computer Headcount
o32941127	9/15/2020	13:02	EndNote - Download / Install	LibAnswers System
o32940968	9/15/2020	12:56	Technical Support	Telephone
o32939761	9/15/2020	12:09	Office Supplies	In Person
o32939617	9/15/2020	12:01	Computer Headcount	Computer Headcount
o32938975	9/15/2020	11:36	Office Supplies	In Person
o32938936	9/15/2020	11:35	Printing	Telephone
o32938242	9/15/2020	11:03	Computer Headcount	Computer Headcount
o32937867	9/15/2020	10:50	Office Supplies	In Person
o32936944	9/15/2020	10:03	Computer Headcount	Computer Headcount
o32936891	9/15/2020	10:00	General Information	Telephone
o32935967	9/15/2020	9:06	Computer Headcount	Computer Headcount
o32943431	9/14/2020	20:00	Computer Headcount	Computer Headcount
o32933349	9/14/2020	19:28	Scanner	In Person
o32933347	9/14/2020	19:27	Scanner	In Person
o32933291	9/14/2020	19:22	Research - Locate Book / Article	In Person
o32932962	9/14/2020	18:57	Printing	In Person
o32932868	9/14/2020	18:51	Computer Headcount	Computer Headcount
o32932444	9/14/2020	18:28	General Information	In Person
o32932164	9/14/2020	18:16	Directional - Campus	In Person
o32932776	9/14/2020	18:08	Computer Headcount	Computer Headcount
o32931444	9/14/2020	17:52	Wi-Fi	In Person
o32931435	9/14/2020	17:51	Printing	In Person
o32930644	9/14/2020	17:16	Computer Headcount	Computer Headcount
o32930616	9/14/2020	17:15	Research - Locate Book / Article	In Person
o32930583	9/14/2020	17:14	Office Supplies	In Person
o32930587	9/14/2020	17:14	Office Supplies	In Person
o32930593	9/14/2020	17:14	Fax Machine	In Person
o32932873	9/14/2020	17:00	Computer Headcount	Computer Headcount
o32929228	9/14/2020	16:26	Hours / Access Policy	Telephone
o32927963	9/14/2020	16:00	Computer Headcount	Computer Headcount
o32946014	9/14/2020	15:55	Computer Headcount	Computer Headcount
o32927224	9/14/2020	15:05	Computer Headcount	Computer Headcount
o32927659	9/14/2020	15:05	Wi-Fi	Telephone
o32926558	9/14/2020	15:03	Office Supplies	In Person
o32925870	9/14/2020	14:41	General Information	In Person
o32925748	9/14/2020	14:37	Borrowing Books	In Person
o32925728	9/14/2020	14:36	Scanner	In Person
o32925093	9/14/2020	14:15	Hours / Access Policy	LibAnswers System
o32924296	9/14/2020	13:55	General Information	Telephone
o32923884	9/14/2020	13:40	General Information	In Person
o32923612	9/14/2020	13:30	Hours / Access Policy	Telephone
o32922384	9/14/2020	12:53	General Information	In Person
o32922342	9/14/2020	12:52	General Information	Telephone
o32922070	9/14/2020	12:42	Hours / Access Policy	Telephone
o32920779	9/14/2020	12:01	Computer Headcount	Computer Headcount
o32920022	9/14/2020	11:37	General Information	Telephone
o32919922	9/14/2020	11:34	Hours / Access Policy	Telephone
o32919802	9/14/2020	11:30	Borrowing Books	In Person
o32919435	9/14/2020	11:18	Computer Headcount	Computer Headcount
o32918502	9/14/2020	10:53	Computer Login / Policy / Use	In Person
o32918031	9/14/2020	10:38	Computer Login / Policy / Use	In Person
o32918039	9/14/2020	10:38	Office Supplies	In Person
o32917896	9/14/2020	10:33	Printing	In Person
o32917260	9/14/2020	10:04	Hours / Access Policy	Telephone
o32917188	9/14/2020	10:01	Computer Headcount	Computer Headcount
o32916137	9/14/2020	9:11	Computer Headcount	Computer Headcount
o32916081	9/14/2020	9:07	Borrow Laptop / Device	Telephone
o32914287	9/13/2020	20:00	Computer Headcount	Computer Headcount
o32914286	9/13/2020	19:00	Computer Headcount	Computer Headcount
o32913675	9/13/2020	18:15	Computer Headcount	Computer Headcount
o32913679	9/13/2020	17:08	Computer Headcount	Computer Headcount
o32912686	9/13/2020	16:01	Printing	In Person
o32912793	9/13/2020	16:00	Computer Headcount	Computer Headcount
o32912950	9/13/2020	16:00	Computer Login / Policy / Use	Telephone
o32913930	9/13/2020	16:00	Printing	In Person
o32913938	9/13/2020	16:00	Computer Login / Policy / Use	Telephone
o32912392	9/13/2020	15:28	Hours / Access Policy	In Person
o32912388	9/13/2020	15:27	Borrowing Books	Telephone
o32912152	9/13/2020	15:00	Computer Headcount	Computer Headcount
o32912169	9/13/2020	14:58	Computer Login / Policy / Use	In Person
o32911978	9/13/2020	14:40	Research - Locate Book / Article	LibAnswers System
o32911895	9/13/2020	14:30	Research - Choose Database	LibAnswers System
o32911780	9/13/2020	14:19	Hours / Access Policy	Telephone
o32911989	9/13/2020	14:00	Computer Headcount	Computer Headcount
o32904727	9/11/2020	19:52	Computer Headcount	Computer Headcount
o32904160	9/11/2020	18:26	Database Access Issue	Telephone
o32904095	9/11/2020	18:15	Database Access Issue	Telephone
o32904081	9/11/2020	18:12	Computer Headcount	Computer Headcount
o32901682	9/11/2020	16:18	Office Supplies	In Person
o32901690	9/11/2020	16:18	Scanner	In Person
o32901456	9/11/2020	16:11	Wi-Fi	Telephone
o32900687	9/11/2020	15:40	Computer Headcount	Computer Headcount
o32900621	9/11/2020	15:38	Hours / Access Policy	Telephone
o32900637	9/11/2020	15:38	Office Supplies	In Person
o32900607	9/11/2020	15:37	Hours / Access Policy	Telephone
o32899447	9/11/2020	14:55	Office Supplies	LibAnswers System
o32898716	9/11/2020	14:30	Printing	In Person
o32898539	9/11/2020	14:25	Printing	In Person
o32898534	9/11/2020	14:24	Printing	In Person
o32898365	9/11/2020	14:21	Printing	In Person
o32898370	9/11/2020	14:21	Printing	In Person
o32898357	9/11/2020	14:20	Computer Headcount	Computer Headcount
o32894979	9/11/2020	12:07	Computer Headcount	Computer Headcount
o32892182	9/11/2020	9:56	Research - Locate Book / Article	LibAnswers System
o32892110	9/11/2020	9:53	Research - Choose Database	LibAnswers System
o32891423	9/11/2020	8:59	Research - Locate Book / Article	In Person
o32891413	9/11/2020	8:58	Computer Headcount	In Person
o32888461	9/10/2020	18:35	Printing	In Person
o32888147	9/10/2020	18:17	Research - Locate Book / Article	Telephone
o32888014	9/10/2020	18:12	Computer Headcount	Computer Headcount
o32887672	9/10/2020	18:02	Wi-Fi	In Person
o32887637	9/10/2020	18:01	General Information	In Person
o32886483	9/10/2020	17:09	Computer Headcount	Computer Headcount
o32886042	9/10/2020	16:53	Hours / Access Policy	Telephone
o32885186	9/10/2020	16:28	Printing	In Person
o32884623	9/10/2020	16:07	Computer Headcount	Computer Headcount
o32879198	9/10/2020	13:09	Scanner	In Person
o32879174	9/10/2020	13:08	Computer Headcount	Computer Headcount
o32878054	9/10/2020	12:30	General Information	In Person
o32877842	9/10/2020	12:23	Printing	In Person
o32877635	9/10/2020	12:14	Hours / Access Policy	Telephone
o32877265	9/10/2020	12:01	Computer Headcount	Computer Headcount
o32876764	9/10/2020	11:42	EndNote - Download / Install	LibAnswers System
o32876605	9/10/2020	11:36	Hours / Access Policy	Telephone
o32876492	9/10/2020	11:32	Printing	Telephone
o32875988	9/10/2020	11:12	Computer Login / Policy / Use	In Person
o32875932	9/10/2020	11:11	Hours / Access Policy	Telephone
o32875665	9/10/2020	11:03	Computer Headcount	Computer Headcount
o32874608	9/10/2020	10:11	Printing	In Person
o32874475	9/10/2020	10:04	Printing	In Person
o32874472	9/10/2020	10:03	Computer Headcount	Computer Headcount
o32873562	9/10/2020	9:05	Computer Headcount	Computer Headcount
o32871199	9/9/2020	19:30	Research - Locate Book / Article	LibAnswers System
o32868473	9/9/2020	17:20	Computer Headcount	Computer Headcount
o32861365	9/9/2020	13:34	General Information	Telephone
o32860783	9/9/2020	13:15	Computer Login / Policy / Use	In Person
o32860232	9/9/2020	12:56	Computer Headcount	Computer Headcount
o32859901	9/9/2020	12:44	Printing	In Person
o32859793	9/9/2020	12:41	Borrowing Books	Telephone
o32859501	9/9/2020	12:30	Printing	In Person
o32859503	9/9/2020	12:30	Computer Login / Policy / Use	In Person
o32859295	9/9/2020	12:24	Printing	In Person
o32858607	9/9/2020	11:59	Computer Headcount	Computer Headcount
o32856797	9/9/2020	10:58	Computer Headcount	Computer Headcount
o32855954	9/9/2020	10:24	Hours / Access Policy	Telephone
o32855881	9/9/2020	10:21	Computer Login / Policy / Use	In Person
o32855578	9/9/2020	10:06	Computer Headcount	Computer Headcount
o32854867	9/9/2020	9:21	Computer Login / Policy / Use	In Person
o32854595	9/9/2020	9:03	Computer Headcount	Computer Headcount
o32852053	9/8/2020	19:19	Computer Headcount	Computer Headcount
o32851459	9/8/2020	18:41	Printing	In Person
o32851464	9/8/2020	18:41	Research - Choose Database	LibAnswers System
o32851466	9/8/2020	18:41	Printing	In Person
o32850452	9/8/2020	18:01	Computer Headcount	Computer Headcount
o32849553	9/8/2020	17:00	Computer Headcount	Computer Headcount
o32847906	9/8/2020	16:41	Office Supplies	In Person
o32846698	9/8/2020	16:06	Directional - Library	In Person
o32846598	9/8/2020	16:03	Computer Headcount	Computer Headcount
o32846465	9/8/2020	15:59	General Information	In Person
o32845945	9/8/2020	15:43	Office Supplies	In Person
o32844848	9/8/2020	15:10	Computer Headcount	Computer Headcount
o32844147	9/8/2020	14:49	Borrowing Books	In Person
o32843009	9/8/2020	14:22	Borrow Laptop / Device	LibAnswers System
o32843552	9/8/2020	14:05	Borrowing Books	In Person
o32843528	9/8/2020	14:00	Computer Headcount	Computer Headcount
o32843506	9/8/2020	13:50	Printing	In Person
o32843476	9/8/2020	13:30	Office Supplies	In Person
o32843396	9/8/2020	13:20	Computer Login / Policy / Use	In Person
o32843360	9/8/2020	13:15	Printing	In Person
o32843309	9/8/2020	13:05	Technical Support	Telephone
o32843147	9/8/2020	13:00	Computer Headcount	Computer Headcount
o32840116	9/8/2020	12:57	Computer Headcount	Computer Headcount
o32838405	9/8/2020	12:08	Computer Headcount	Computer Headcount
o32837741	9/8/2020	11:50	Office Supplies	In Person
o32836798	9/8/2020	11:23	Computer Headcount	Computer Headcount
o32834270	9/8/2020	9:56	Computer Headcount	Computer Headcount
o32833936	9/8/2020	9:43	Borrowing Books	Telephone
o32833896	9/8/2020	9:42	General Information	Telephone
o32833225	9/8/2020	9:13	Computer Headcount	Computer Headcount
o32831268	9/7/2020	18:12	Other/Hang Up/No Answer	Voicemail
o32831258	9/7/2020	18:08	Other/Hang Up/No Answer	Voicemail
o32831251	9/7/2020	18:06	Technical Support	Voicemail
o32831234	9/7/2020	18:01	Office Supplies	In Person
o32831073	9/7/2020	17:17	Computer Headcount	Computer Headcount
o32831050	9/7/2020	17:08	Hours / Access Policy	Telephone
o32831021	9/7/2020	17:03	Printing	In Person
o32831013	9/7/2020	17:02	Borrow Laptop / Device	In Person
o32830954	9/7/2020	16:51	Office Supplies	In Person
o32830948	9/7/2020	16:50	Printing	In Person
o32830907	9/7/2020	16:42	Technical Support	In Person
o32830894	9/7/2020	16:41	Printing	In Person
o32830719	9/7/2020	16:03	Hours / Access Policy	Telephone
o32830700	9/7/2020	15:58	Computer Headcount	Computer Headcount
o32830523	9/7/2020	15:31	Hours / Access Policy	Telephone
o32830486	9/7/2020	15:26	Printing	In Person
o32830450	9/7/2020	15:20	Computer Headcount	Computer Headcount
o32830436	9/7/2020	15:18	Computer Login / Policy / Use	In Person
o32830300	9/7/2020	14:31	Borrow Laptop / Device	In Person
o32830301	9/7/2020	14:31	Office Supplies	In Person
o32830453	9/7/2020	14:10	Computer Headcount	Computer Headcount
o32829735	9/7/2020	13:21	Research - Locate Book / Article	In Person
o32829734	9/7/2020	13:20	Computer Headcount	Computer Headcount
o32828807	9/7/2020	10:44	Hours / Access Policy	Voicemail
o32828800	9/7/2020	10:42	Other/Hang Up/No Answer	Voicemail
o32828791	9/7/2020	10:41	Technical Support	Voicemail
o32828622	9/7/2020	10:06	Computer Headcount	Computer Headcount
o32828605	9/7/2020	10:03	Hours / Access Policy	Telephone
o32828596	9/7/2020	10:01	Research – Citations	LibAnswers System
o32828573	9/7/2020	9:57	Office Supplies	In Person
o32828523	9/7/2020	9:41	Guest Login	LibAnswers System
o32828436	9/7/2020	9:13	Computer Headcount	Computer Headcount
o32828433	9/7/2020	9:12	Hours / Access Policy	Telephone
o32827747	9/6/2020	19:59	Computer Headcount	Computer Headcount
o32827751	9/6/2020	19:49	Printing	In Person
o32827750	9/6/2020	19:45	Printing	In Person
o32827745	9/6/2020	19:04	Computer Headcount	Computer Headcount
o32827371	9/6/2020	18:15	Computer Login / Policy / Use	In Person
o32827348	9/6/2020	18:11	Computer Headcount	Computer Headcount
o32827184	9/6/2020	17:13	Computer Headcount	Computer Headcount
o32827228	9/6/2020	17:13	Database Access Issue	Telephone
o32826718	9/6/2020	16:00	Computer Headcount	Computer Headcount
o32826584	9/6/2020	15:27	General Information	Telephone
o32826563	9/6/2020	15:21	Computer Headcount	Computer Headcount
o32826560	9/6/2020	15:20	Printing	In Person
o32826490	9/6/2020	15:07	Printing	In Person
o32826434	9/6/2020	14:56	Office Supplies	In Person
o32826356	9/6/2020	14:35	Directional - Campus	In Person
o32826333	9/6/2020	14:28	Database Access Issue	LibAnswers System
o32826336	9/6/2020	14:15	Computer Headcount	Computer Headcount
o32821229	9/4/2020	19:05	General Information	Telephone
o32821006	9/4/2020	18:34	Computer Headcount	Computer Headcount
o32818417	9/4/2020	16:39	Hours / Access Policy	Telephone
o32817379	9/4/2020	15:57	Computer Headcount	Computer Headcount
o32807479	9/4/2020	9:19	Computer Headcount	Computer Headcount
o32805659	9/3/2020	19:56	Hours / Access Policy	Telephone
o32805155	9/3/2020	19:07	Computer Headcount	Computer Headcount
o32805129	9/3/2020	19:04	Research - Locate Book / Article	Telephone
o32804630	9/3/2020	18:33	General Information	Telephone
o32804614	9/3/2020	18:32	Wi-Fi	In Person
o32804410	9/3/2020	18:17	Computer Headcount	Computer Headcount
o32803631	9/3/2020	17:54	Technical Support	Telephone
o32803637	9/3/2020	17:54	Hours / Access Policy	Telephone
o32803404	9/3/2020	17:41	Technical Support	In Person
o32803406	9/3/2020	17:41	Printing	In Person
o32803262	9/3/2020	17:33	Technical Support	Telephone
o32802673	9/3/2020	17:07	General Information	In Person
o32802612	9/3/2020	17:05	Directional - Library	Telephone
o32802581	9/3/2020	17:04	Computer Headcount	Computer Headcount
o32801823	9/3/2020	16:36	Technical Support	Telephone
o32801326	9/3/2020	16:19	Printing	In Person
o32801213	9/3/2020	16:14	Other/Hang Up/No Answer	Telephone
o32800952	9/3/2020	16:05	Computer Headcount	Computer Headcount
o32796716	9/3/2020	13:44	Study Room	LibAnswers System
o32795666	9/3/2020	13:03	Computer Headcount	Computer Headcount
o32794723	9/3/2020	12:26	Scanner	In Person
o32794363	9/3/2020	12:13	Technical Support	Telephone
o32794308	9/3/2020	12:11	Computer Headcount	Computer Headcount
o32793750	9/3/2020	11:48	Printing	In Person
o32793537	9/3/2020	11:39	Research - Locate Book / Article	In Person
o32793365	9/3/2020	11:32	Research - Locate Book / Article	Telephone
o32793047	9/3/2020	11:23	Borrow Laptop / Device	In Person
o32793004	9/3/2020	11:22	Research - Locate Book / Article	In Person
o32792868	9/3/2020	11:17	General Information	In Person
o32792831	9/3/2020	11:16	General Information	Telephone
o32792770	9/3/2020	11:14	Printing	In Person
o32792658	9/3/2020	11:11	Office Supplies	In Person
o32792542	9/3/2020	11:06	EndNote - Download / Install	In Person
o32792540	9/3/2020	11:05	Computer Headcount	Computer Headcount
o32792279	9/3/2020	10:55	Office Supplies	In Person
o32791974	9/3/2020	10:44	Printing	In Person
o32791799	9/3/2020	10:37	Printing	In Person
o32791680	9/3/2020	10:31	General Information	In Person
o32791407	9/3/2020	10:20	Study Room	Telephone
o32791064	9/3/2020	10:04	Office Supplies	In Person
o32790956	9/3/2020	9:58	Computer Headcount	Computer Headcount
o32790748	9/3/2020	9:47	Office Supplies	In Person
o32790544	9/3/2020	9:34	General Information	In Person
o32790398	9/3/2020	9:22	Hours / Access Policy	Telephone
o32790366	9/3/2020	9:20	Computer Headcount	Computer Headcount
o32785471	9/2/2020	17:27	Wi-Fi	LibAnswers System
o32784099	9/2/2020	16:41	Study Room	LibAnswers System
o32783390	9/2/2020	16:17	Computer Headcount	Computer Headcount
o32783332	9/2/2020	16:15	Hours / Access Policy	LibAnswers System
o32781865	9/2/2020	15:24	Borrowing Books	LibAnswers System
o32781413	9/2/2020	15:10	Borrowing Books	Voicemail
o32778975	9/2/2020	14:00	Research - Locate Book / Article	LibAnswers System
o32777135	9/2/2020	13:10	Computer Headcount	Computer Headcount
o32776142	9/2/2020	12:39	Office Supplies	In Person
o32775685	9/2/2020	12:25	Borrowing Books	Telephone
o32775645	9/2/2020	12:24	Borrowing Books	Telephone
o32775147	9/2/2020	12:08	Computer Headcount	Computer Headcount
o32773675	9/2/2020	11:16	Technical Support	Telephone
o32773683	9/2/2020	11:16	Research - Locate Book / Article	In Person
o32773292	9/2/2020	11:05	Computer Headcount	Computer Headcount
o32772466	9/2/2020	10:33	Research - Choose Database	In Person
o32771768	9/2/2020	10:01	Computer Headcount	Computer Headcount
o32771699	9/2/2020	9:57	Office Supplies	In Person
o32771178	9/2/2020	9:25	Hours / Access Policy	Telephone
o32770896	9/2/2020	9:04	Computer Headcount	Computer Headcount
o32769814	9/1/2020	21:55	Directional - Campus	LibAnswers System
o32768301	9/1/2020	19:06	Technical Support	In Person
o32768306	9/1/2020	19:00	Computer Headcount	Computer Headcount
o32767450	9/1/2020	18:16	Hours / Access Policy	Telephone
o32767376	9/1/2020	18:12	Printing	In Person
o32767307	9/1/2020	18:09	Borrowing Books	In Person
o32767049	9/1/2020	18:02	Hours / Access Policy	Telephone
o32767572	9/1/2020	18:00	Computer Headcount	Computer Headcount
o32766847	9/1/2020	17:53	Office Supplies	In Person
o32766554	9/1/2020	17:45	Office Supplies	In Person
o32767575	9/1/2020	17:00	Computer Headcount	Computer Headcount
o32764558	9/1/2020	16:40	Office Supplies	In Person
o32764468	9/1/2020	16:37	Borrowing Books	In Person
o32764000	9/1/2020	16:22	Borrowing Books	LibAnswers System
o32763923	9/1/2020	16:20	Hours / Access Policy	Telephone
o32763581	9/1/2020	16:09	Computer Headcount	Computer Headcount
o32762683	9/1/2020	15:43	Wi-Fi	In Person
o32762495	9/1/2020	15:36	Computer Headcount	Computer Headcount
o32762194	9/1/2020	15:28	Technical Support	In Person
o32762207	9/1/2020	15:28	Printing	In Person
o32760720	9/1/2020	14:41	Borrowing Books	Telephone
o32760750	9/1/2020	14:41	Technical Support	Telephone
o32759905	9/1/2020	14:14	Technical Support	In Person
o32759606	9/1/2020	14:04	Computer Headcount	Computer Headcount
o32759412	9/1/2020	13:58	Office Supplies	In Person
o32758562	9/1/2020	13:33	General Information	Telephone
o32757597	9/1/2020	13:01	Computer Headcount	Computer Headcount
o32756340	9/1/2020	12:22	Office Supplies	In Person
o32755857	9/1/2020	12:05	Computer Headcount	Computer Headcount
o32755300	9/1/2020	11:47	Printing	In Person
o32754936	9/1/2020	11:34	Office Supplies	In Person
o32754725	9/1/2020	11:27	Borrow Laptop / Device	In Person
o32754590	9/1/2020	11:22	Office Supplies	In Person
o32754465	9/1/2020	11:18	Office Supplies	In Person
o32754043	9/1/2020	11:01	Computer Headcount	Computer Headcount
o32753354	9/1/2020	10:35	Hours / Access Policy	Telephone
o32753233	9/1/2020	10:29	Borrowing Books	Telephone
o32752888	9/1/2020	10:13	Computer Headcount	Computer Headcount
o32752859	9/1/2020	10:12	Research - Locate Book / Article	In Person
o32752510	9/1/2020	9:54	Office Supplies	In Person
o32752517	9/1/2020	9:54	Hours / Access Policy	Telephone
o32752209	9/1/2020	9:38	Database Access Issue	Telephone
o32751687	9/1/2020	9:08	Computer Headcount	Computer Headcount
o32749946	8/31/2020	20:48	Other/Hang Up/No Answer	Voicemail
o32749932	8/31/2020	20:46	Research - Locate Book / Article	E-Mail
o32749722	8/31/2020	20:23	Other/Hang Up/No Answer	Voicemail
o32748645	8/31/2020	18:58	Computer Headcount	Computer Headcount
o32748584	8/31/2020	18:54	Computer Login / Policy / Use	In Person
o32748591	8/31/2020	18:54	Printing	In Person
o32748528	8/31/2020	18:50	Computer Login / Policy / Use	In Person
o32748521	8/31/2020	18:50	Office Supplies	In Person
o32748510	8/31/2020	18:49	EndNote - Download / Install	In Person
o32748368	8/31/2020	18:39	Computer Login / Policy / Use	In Person
o32748362	8/31/2020	18:39	Office Supplies	In Person
o32748053	8/31/2020	18:23	Computer Headcount	Computer Headcount
o32746924	8/31/2020	17:35	Computer Headcount	Computer Headcount
o32744670	8/31/2020	16:21	Guest Login	In Person
o32744085	8/31/2020	16:05	Computer Headcount	Computer Headcount
o32742009	8/31/2020	14:40	Computer Login / Policy / Use	In Person
o32742030	8/31/2020	14:15	Borrow Laptop / Device	Telephone
o32742255	8/31/2020	14:15	General Information	In Person
o32739756	8/31/2020	14:04	Research – Citations	Telephone
o32738556	8/31/2020	13:36	Computer Headcount	Computer Headcount
o32736948	8/31/2020	12:48	Workshop / Instruction Request	In Person
o32736655	8/31/2020	12:41	Hours / Access Policy	Telephone
o32736096	8/31/2020	12:24	Computer Headcount	Computer Headcount
o32735255	8/31/2020	12:02	Computer Headcount	Computer Headcount
o32735103	8/31/2020	11:58	Wi-Fi	In Person
o32734077	8/31/2020	11:27	Technical Support	Telephone
o32733649	8/31/2020	11:15	General Information	In Person
o32734090	8/31/2020	11:00	Computer Headcount	Computer Headcount
o32733170	8/31/2020	10:59	Hours / Access Policy	Telephone
o32731669	8/31/2020	10:06	Computer Headcount	Computer Headcount
o32730806	8/31/2020	9:31	Computer Login / Policy / Use	In Person
o32730814	8/31/2020	9:05	Computer Headcount	Computer Headcount
o32728687	8/30/2020	20:03	Computer Headcount	Computer Headcount
o32728677	8/30/2020	20:02	Hours / Access Policy	In Person
o32728589	8/30/2020	19:46	Guest Login	Telephone
o32728473	8/30/2020	19:24	Wi-Fi	In Person
o32728370	8/30/2020	19:02	Computer Headcount	Computer Headcount
o32728313	8/30/2020	18:52	Computer Login / Policy / Use	Telephone
o32728310	8/30/2020	18:52	Hours / Access Policy	Telephone
o32728289	8/30/2020	18:49	Respondus	In Person
o32728216	8/30/2020	18:15	Computer Headcount	Computer Headcount
o32727675	8/30/2020	17:09	Computer Headcount	Computer Headcount
o32727512	8/30/2020	16:51	Computer Login / Policy / Use	In Person
o32727497	8/30/2020	16:49	Respondus	Telephone
o32727311	8/30/2020	16:23	Computer Headcount	Computer Headcount
o32727099	8/30/2020	15:54	Computer Login / Policy / Use	Telephone
o32727105	8/30/2020	15:54	Respondus	In Person
o32726867	8/30/2020	15:29	Computer Login / Policy / Use	In Person
o32726846	8/30/2020	15:26	Wi-Fi	In Person
o32726821	8/30/2020	15:23	General Information	Telephone
o32726704	8/30/2020	15:09	Computer Headcount	Computer Headcount
o32726707	8/30/2020	15:09	Hours / Access Policy	Telephone
o32726677	8/30/2020	15:05	Computer Login / Policy / Use	Telephone
o32726628	8/30/2020	14:55	Study Room	Telephone
o32726369	8/30/2020	14:19	Scanner	In Person
o32726331	8/30/2020	14:16	Computer Headcount	Computer Headcount
o32719924	8/28/2020	18:12	Borrowing Books	In Person
o32718785	8/28/2020	17:36	Computer Headcount	Computer Headcount
o32717835	8/28/2020	16:48	Other/Hang Up/No Answer	Voicemail
o32717051	8/28/2020	16:14	Computer Headcount	Computer Headcount
o32716064	8/28/2020	15:28	Directional - Campus	Telephone
o32715759	8/28/2020	15:15	Computer Headcount	Computer Headcount
o32715742	8/28/2020	15:14	Research - Locate Book / Article	In Person
o32714530	8/28/2020	14:23	Computer Headcount	Computer Headcount
o32714438	8/28/2020	14:22	Printing	In Person
o32707531	8/28/2020	9:00	Computer Headcount	Computer Headcount
o32705757	8/27/2020	19:31	Other/Hang Up/No Answer	Telephone
o32705556	8/27/2020	19:12	Computer Login / Policy / Use	In Person
o32705548	8/27/2020	19:11	Computer Headcount	Computer Headcount
o32705184	8/27/2020	18:42	Other/Hang Up/No Answer	Voicemail
o32705111	8/27/2020	18:36	Respondus	Voicemail
o32705547	8/27/2020	18:00	Computer Headcount	Computer Headcount
o32703128	8/27/2020	17:03	Wi-Fi	In Person
o32705534	8/27/2020	17:00	Computer Headcount	Computer Headcount
o32702816	8/27/2020	16:51	Wi-Fi	LibAnswers System
o32702787	8/27/2020	16:50	Borrowing Books	In Person
o32702485	8/27/2020	16:39	Hours / Access Policy	Telephone
o32702477	8/27/2020	16:38	Other/Hang Up/No Answer	Telephone
o32702340	8/27/2020	16:34	Printing	In Person
o32702295	8/27/2020	16:33	Borrowing Books	In Person
o32702265	8/27/2020	16:32	Wi-Fi	In Person
o32702267	8/27/2020	16:32	Wi-Fi	In Person
o32701652	8/27/2020	16:10	Computer Headcount	Computer Headcount
o32699166	8/27/2020	14:42	Computer Headcount	Computer Headcount
o32696484	8/27/2020	12:58	Research – Citations	Telephone
o32696101	8/27/2020	12:42	Printing	Telephone
o32696016	8/27/2020	12:38	Database Access Issue	In Person
o32695944	8/27/2020	12:36	Database Access Issue	In Person
o32695946	8/27/2020	12:36	Database Access Issue	In Person
o32695658	8/27/2020	12:25	Technical Support	In Person
o32695165	8/27/2020	12:07	Borrow Laptop / Device	In Person
o32695049	8/27/2020	12:02	Directional - Library	In Person
o32695000	8/27/2020	12:00	Computer Headcount	Computer Headcount
o32694854	8/27/2020	11:54	Borrowing Books	Telephone
o32693489	8/27/2020	11:05	Computer Headcount	Computer Headcount
o32693473	8/27/2020	11:04	Wi-Fi	Telephone
o32693192	8/27/2020	10:50	Hours / Access Policy	Telephone
o32693044	8/27/2020	10:44	Printing	In Person
o32692392	8/27/2020	10:09	Hours / Access Policy	LibAnswers System
o32692271	8/27/2020	10:01	Computer Headcount	Computer Headcount
o32692031	8/27/2020	9:44	Printing	In Person
o32691893	8/27/2020	9:32	Office Supplies	LibAnswers System
o32691711	8/27/2020	9:17	Borrowing Books	Telephone
o32691556	8/27/2020	9:04	Computer Headcount	Computer Headcount
o32689299	8/26/2020	19:20	Computer Headcount	Computer Headcount
o32687914	8/26/2020	17:58	MS Office	LibAnswers System
o32687085	8/26/2020	17:00	Computer Headcount	Computer Headcount
o32681667	8/26/2020	14:16	Hours / Access Policy	LibAnswers System
o32681077	8/26/2020	13:55	Database Access Issue	LibAnswers System
o32680728	8/26/2020	13:43	Hours / Access Policy	Telephone
o32680737	8/26/2020	13:43	Hours / Access Policy	Telephone
o32679446	8/26/2020	13:02	Computer Headcount	Computer Headcount
o32678622	8/26/2020	12:33	Scanner	Telephone
o32677925	8/26/2020	12:06	Research - Locate Book / Article	In Person
o32677939	8/26/2020	12:06	Computer Headcount	Computer Headcount
o32677901	8/26/2020	12:04	Office Supplies	In Person
o32677814	8/26/2020	12:01	Computer Headcount	Computer Headcount
o32677494	8/26/2020	11:50	Research - Locate Book / Article	In Person
o32677038	8/26/2020	11:33	Printing	In Person
o32676727	8/26/2020	11:21	Computer Login / Policy / Use	LibAnswers System
o32676345	8/26/2020	11:05	Computer Headcount	Computer Headcount
o32676057	8/26/2020	10:55	Hours / Access Policy	Telephone
o32675603	8/26/2020	10:38	Borrow Laptop / Device	Telephone
o32675244	8/26/2020	10:21	Hours / Access Policy	Telephone
o32675039	8/26/2020	10:12	Printing	In Person
o32674950	8/26/2020	10:08	General Information	In Person
o32674763	8/26/2020	9:59	Computer Headcount	Computer Headcount
o32674042	8/26/2020	9:14	Computer Headcount	Computer Headcount
o32671596	8/25/2020	19:30	Wi-Fi	In Person
o32671553	8/25/2020	19:26	Wi-Fi	In Person
o32671075	8/25/2020	18:00	Computer Headcount	Computer Headcount
o32671545	8/25/2020	18:00	Computer Headcount	Computer Headcount
o32669908	8/25/2020	17:53	Technical Support	In Person
o32669784	8/25/2020	17:48	Printing	In Person
o32669790	8/25/2020	17:48	Wi-Fi	In Person
o32669343	8/25/2020	17:32	Borrowing Books	In Person
o32669060	8/25/2020	17:20	Borrowing Books	Telephone
o32669085	8/25/2020	17:20	Research - Locate Book / Article	LibAnswers System
o32668719	8/25/2020	17:06	Printing	In Person
o32668726	8/25/2020	17:06	Scanner	In Person
o32669092	8/25/2020	17:00	Computer Headcount	Computer Headcount
o32668373	8/25/2020	16:56	Printing	In Person
o32667923	8/25/2020	16:42	Technical Support	Telephone
o32667835	8/25/2020	16:39	Wi-Fi	In Person
o32667186	8/25/2020	16:20	Hours / Access Policy	Telephone
o32667148	8/25/2020	16:19	Printing	In Person
o32667129	8/25/2020	16:18	MS Office	In Person
o32667132	8/25/2020	16:18	Technical Support	In Person
o32667082	8/25/2020	16:17	Borrowing Books	LibAnswers System
o32669101	8/25/2020	16:00	Computer Headcount	Computer Headcount
o32663343	8/25/2020	14:25	Computer Headcount	Computer Headcount
o32662137	8/25/2020	13:48	Wi-Fi	In Person
o32661679	8/25/2020	13:35	Study Room	Telephone
o32660375	8/25/2020	12:55	Technical Support	In Person
o32660028	8/25/2020	12:44	Printing	In Person
o32659839	8/25/2020	12:38	Directional - Library	In Person
o32659804	8/25/2020	12:37	Wi-Fi	In Person
o32659794	8/25/2020	12:36	Hours / Access Policy	Telephone
o32658644	8/25/2020	11:59	Printing	In Person
o32658406	8/25/2020	11:50	Hours / Access Policy	In Person
o32657369	8/25/2020	11:15	Hours / Access Policy	Telephone
o32656950	8/25/2020	10:59	Scanner	In Person
o32656662	8/25/2020	10:50	Scanner	In Person
o32656608	8/25/2020	10:49	Scanner	In Person
o32656268	8/25/2020	10:35	Research - Locate Book / Article	LibAnswers System
o32656184	8/25/2020	10:32	Printing	In Person
o32656148	8/25/2020	10:31	Printing	In Person
o32652872	8/24/2020	20:10	Respondus	In Person
o32652865	8/24/2020	20:00	Computer Headcount	Computer Headcount
o32652103	8/24/2020	19:23	Printing	In Person
o32652860	8/24/2020	19:05	Computer Headcount	Computer Headcount
o32651299	8/24/2020	18:15	Computer Headcount	Computer Headcount
o32651562	8/24/2020	18:15	Wi-Fi	In Person
o32652085	8/24/2020	18:15	Wi-Fi	In Person
o32652096	8/24/2020	18:15	Respondus	In Person
o32650541	8/24/2020	18:01	Hours / Access Policy	Telephone
o32649928	8/24/2020	17:40	Other/Hang Up/No Answer	Voicemail
o32649902	8/24/2020	17:38	Other/Hang Up/No Answer	Voicemail
o32649860	8/24/2020	17:37	Other/Hang Up/No Answer	Voicemail
o32649833	8/24/2020	17:36	General Information	In Person
o32649134	8/24/2020	17:07	Technical Support	In Person
o32649068	8/24/2020	17:05	Computer Headcount	Computer Headcount
o32648996	8/24/2020	17:02	Directional - Campus	Telephone
o32648855	8/24/2020	16:57	Printing	In Person
o32648568	8/24/2020	16:47	Wi-Fi	In Person
o32644522	8/24/2020	16:43	Hours / Access Policy	Telephone
o32648693	8/24/2020	16:10	Computer Headcount	Computer Headcount
o32645547	8/24/2020	15:20	Printing	In Person
o32645495	8/24/2020	15:19	Study Room	In Person
o32645195	8/24/2020	15:10	Printing	In Person
o32645038	8/24/2020	15:05	Printing	In Person
o32648679	8/24/2020	15:05	Computer Headcount	Computer Headcount
o32644533	8/24/2020	14:50	Fax Machine	Telephone
o32644368	8/24/2020	14:46	Respondus	In Person
o32644129	8/24/2020	14:39	Hours / Access Policy	In Person
o32643814	8/24/2020	14:31	Printing	In Person
o32643252	8/24/2020	14:14	Printing	In Person
o32648594	8/24/2020	14:00	Computer Headcount	Computer Headcount
o32642587	8/24/2020	13:55	Computer Headcount	In Person
o32642504	8/24/2020	13:53	Printing	In Person
o32642360	8/24/2020	13:49	Technical Support	Telephone
o32641347	8/24/2020	13:18	Directional - Library	In Person
o32641269	8/24/2020	13:16	Office Supplies	In Person
o32640573	8/24/2020	12:55	Printing	LibAnswers System
o32640448	8/24/2020	12:52	Hours / Access Policy	Telephone
o32638499	8/24/2020	12:01	Other/Hang Up/No Answer	Telephone
o32638282	8/24/2020	11:54	Printing	Telephone
o32634788	8/24/2020	11:38	Hours / Access Policy	Telephone
o32626076	8/24/2020	11:13	Directional - Library	Telephone
o32625950	8/24/2020	11:09	Hours / Access Policy	Telephone
o32625956	8/24/2020	11:09	Hours / Access Policy	Telephone
o32625924	8/24/2020	11:08	Hours / Access Policy	Telephone
o32625820	8/24/2020	11:05	Computer Headcount	Computer Headcount
o32625805	8/24/2020	11:04	Borrow Laptop / Device	Telephone
o32625757	8/24/2020	11:03	Hours / Access Policy	Telephone
o32625648	8/24/2020	10:59	Hours / Access Policy	Telephone
o32624991	8/24/2020	10:39	Printing	Telephone
o32624202	8/24/2020	10:13	Wi-Fi	In Person
o32624199	8/24/2020	10:13	Other/Hang Up/No Answer	Telephone
o32624084	8/24/2020	10:08	Printing	In Person
o32624091	8/24/2020	10:08	Printing	In Person
o32624095	8/24/2020	10:08	Wi-Fi	In Person
o32625816	8/24/2020	10:00	Computer Headcount	Computer Headcount
o32623167	8/24/2020	9:26	Printing	In Person
o32623077	8/24/2020	9:23	Computer Headcount	Computer Headcount
o32622911	8/24/2020	9:15	Scanner	LibAnswers System
o32621237	8/23/2020	20:03	Computer Headcount	Computer Headcount
o32621230	8/23/2020	20:02	Fax Machine	In Person
o32621152	8/23/2020	19:44	Wi-Fi	In Person
o32621132	8/23/2020	19:38	Computer Login / Policy / Use	In Person
o32621129	8/23/2020	19:37	Printing	In Person
o32621089	8/23/2020	19:26	Scanner	In Person
o32621014	8/23/2020	19:04	Computer Headcount	Computer Headcount
o32620994	8/23/2020	18:58	Borrow Laptop / Device	Telephone
o32620996	8/23/2020	18:58	Borrow Laptop / Device	Telephone
o32620790	8/23/2020	18:07	Computer Headcount	Computer Headcount
o32620696	8/23/2020	17:49	Respondus	In Person
o32620589	8/23/2020	17:30	Borrowing Books	In Person
o32620588	8/23/2020	17:29	Computer Login / Policy / Use	In Person
o32620547	8/23/2020	17:22	Computer Login / Policy / Use	In Person
o32620512	8/23/2020	17:15	Respondus	In Person
o32620438	8/23/2020	17:01	Computer Headcount	Computer Headcount
o32620346	8/23/2020	16:44	Hours / Access Policy	Telephone
o32620082	8/23/2020	16:00	Computer Headcount	Computer Headcount
o32619865	8/23/2020	15:25	Directional - Library	In Person
o32619823	8/23/2020	15:16	Computer Headcount	Computer Headcount
o32619728	8/23/2020	14:58	Printing	In Person
o32619527	8/23/2020	14:22	Computer Headcount	Computer Headcount
o32614915	8/21/2020	20:36	Printing	Voicemail
o32614689	8/21/2020	19:51	Research - Locate Book / Article	Voicemail
o32614328	8/21/2020	18:48	Borrowing Books	Voicemail
o32612843	8/21/2020	17:37	Directional - Campus	Voicemail
o32612655	8/21/2020	17:25	Scanner	Voicemail
o32607790	8/21/2020	13:36	Borrowing Books	LibAnswers System
o32603101	8/21/2020	9:34	Computer Headcount	Computer Headcount
o32602733	8/21/2020	8:54	General Information	LibAnswers System
o32601533	8/20/2020	19:35	Hours / Access Policy	Telephone
o32600296	8/20/2020	18:02	Computer Headcount	Computer Headcount
o32600268	8/20/2020	18:00	Technical Support	In Person
o32599878	8/20/2020	17:39	Hours / Access Policy	Telephone
o32599703	8/20/2020	17:33	MS Office	LibAnswers System
o32599613	8/20/2020	17:29	Wi-Fi	In Person
o32599622	8/20/2020	17:29	MS Office	In Person
o32599339	8/20/2020	17:14	Printing	In Person
o32599284	8/20/2020	17:11	Wi-Fi	LibAnswers System
o32599269	8/20/2020	17:09	Wi-Fi	Telephone
o32599222	8/20/2020	17:07	Computer Headcount	Computer Headcount
o32598900	8/20/2020	16:52	Database Access Issue	Telephone
o32598762	8/20/2020	16:46	Wi-Fi	In Person
o32598519	8/20/2020	16:36	Printing	In Person
o32598527	8/20/2020	16:36	Printing	In Person
o32597807	8/20/2020	16:05	Computer Headcount	Computer Headcount
o32597505	8/20/2020	15:53	Borrowing Books	In Person
o32597465	8/20/2020	15:52	Technical Support	In Person
o32597444	8/20/2020	15:51	Printing	In Person
o32593365	8/20/2020	13:02	Other/Hang Up/No Answer	In Person
o32592750	8/20/2020	12:32	Research - Choose Database	LibAnswers System
o32592588	8/20/2020	12:24	Database Access Issue	In Person
o32590681	8/20/2020	10:54	Database Access Issue	Telephone
o32590260	8/20/2020	10:32	Hours / Access Policy	Telephone
o32590262	8/20/2020	10:32	Hours / Access Policy	Telephone
o32589672	8/20/2020	9:56	Hours / Access Policy	Telephone
o32589114	8/20/2020	9:10	Computer Headcount	Computer Headcount
o32589115	8/20/2020	9:10	Computer Headcount	Computer Headcount
o32588874	8/20/2020	8:36	Scanner	LibAnswers System
o32587677	8/19/2020	20:03	Fax Machine	Telephone
o32585963	8/19/2020	17:45	Office Supplies	E-Mail
o32585798	8/19/2020	17:35	Borrowing Books	Telephone
o32585161	8/19/2020	17:04	Borrowing Books	Telephone
o32582899	8/19/2020	15:22	Printing	In Person
o32582879	8/19/2020	15:21	General Information	Telephone
o32582783	8/19/2020	15:19	Hours / Access Policy	Telephone
o32581968	8/19/2020	14:49	Database Access Issue	Telephone
o32579933	8/19/2020	13:40	Directional - Library	In Person
o32579179	8/19/2020	13:10	Wi-Fi	In Person
o32579182	8/19/2020	13:10	Wi-Fi	In Person
o32577705	8/19/2020	12:03	Wi-Fi	In Person
o32577649	8/19/2020	12:01	Wi-Fi	In Person
o32576652	8/19/2020	11:19	Wi-Fi	Telephone
o32575971	8/19/2020	10:47	Database Access Issue	Telephone
o32575745	8/19/2020	10:34	Database Access Issue	In Person
o32575613	8/19/2020	10:27	Wi-Fi	In Person
o32575009	8/19/2020	9:55	Wi-Fi	In Person
o32574745	8/19/2020	9:36	Hours / Access Policy	In Person
o32574625	8/19/2020	9:31	Wi-Fi	In Person
o32574641	8/19/2020	9:31	Hours / Access Policy	In Person
o32572862	8/18/2020	19:44	Hours / Access Policy	Telephone
o32572605	8/18/2020	19:15	Wi-Fi	In Person
o32572609	8/18/2020	19:15	Computer Headcount	Computer Headcount
o32572259	8/18/2020	18:46	Research - Choose Database	Telephone
o32572205	8/18/2020	18:42	Borrowing Books	In Person
o32571246	8/18/2020	17:59	Computer Headcount	Computer Headcount
o32570858	8/18/2020	17:39	Hours / Access Policy	Telephone
o32570865	8/18/2020	17:39	Technical Support	In Person
o32570494	8/18/2020	17:19	Borrowing Books	In Person
o32570416	8/18/2020	17:15	Office Supplies	LibAnswers System
o32570420	8/18/2020	17:15	Computer Headcount	Computer Headcount
o32570426	8/18/2020	17:15	Hours / Access Policy	Telephone
o32570430	8/18/2020	17:15	Printing	Telephone
o32569780	8/18/2020	16:46	Wi-Fi	In Person
o32569764	8/18/2020	16:45	Computer Login / Policy / Use	In Person
o32569743	8/18/2020	16:44	Directional - Campus	LibAnswers System
o32565807	8/18/2020	14:08	Computer Headcount	Computer Headcount
o32565757	8/18/2020	14:06	Other/Hang Up/No Answer	Telephone
o32565668	8/18/2020	14:02	Printing	In Person
o32564776	8/18/2020	13:27	Borrowing Books	In Person
o32564572	8/18/2020	13:19	Borrowing Books	In Person
o32564523	8/18/2020	13:17	Fax Machine	In Person
o32564105	8/18/2020	12:59	Wi-Fi	In Person
o32564107	8/18/2020	12:59	Wi-Fi	In Person
o32564034	8/18/2020	12:56	Wi-Fi	In Person
o32564035	8/18/2020	12:56	Wi-Fi	In Person
o32563979	8/18/2020	12:54	Printing	In Person
o32563972	8/18/2020	12:53	Printing	In Person
o32563973	8/18/2020	12:53	Printing	In Person
o32563975	8/18/2020	12:53	Printing	In Person
o32563978	8/18/2020	12:53	Printing	In Person
o32563877	8/18/2020	12:49	Wi-Fi	In Person
o32563865	8/18/2020	12:48	Hours / Access Policy	Telephone
o32563810	8/18/2020	12:46	Hours / Access Policy	In Person
o32563627	8/18/2020	12:37	Hours / Access Policy	Telephone
o32562041	8/18/2020	11:30	Borrow Laptop / Device	Telephone
o32562061	8/18/2020	11:30	Technical Support	Telephone
o32561007	8/18/2020	10:44	Office Supplies	LibAnswers System
o32560392	8/18/2020	10:11	Directional - Campus	Telephone
o32560373	8/18/2020	10:10	Hours / Access Policy	Telephone
o32560381	8/18/2020	10:10	Hours / Access Policy	Telephone
o32560365	8/18/2020	10:09	Technical Support	Telephone
o32559652	8/18/2020	9:25	Technical Support	LibAnswers System
o32557885	8/17/2020	20:19	Directional - Campus	LibAnswers System
o32557713	8/17/2020	19:55	Computer Headcount	Computer Headcount
o32557370	8/17/2020	19:10	Computer Headcount	Computer Headcount
o32557099	8/17/2020	18:41	Directional - Campus	LibAnswers System
o32556648	8/17/2020	18:10	Computer Headcount	Computer Headcount
o32556271	8/17/2020	17:50	Other/Hang Up/No Answer	In Person
o32556263	8/17/2020	17:49	Other/Hang Up/No Answer	In Person
o32555506	8/17/2020	17:08	Computer Headcount	Computer Headcount
o32555004	8/17/2020	16:49	MS Office	Telephone
o32554888	8/17/2020	16:44	Borrowing Books	Telephone
o32554841	8/17/2020	16:42	Technical Support	Telephone
o32555497	8/17/2020	16:00	Computer Headcount	Computer Headcount
o32551026	8/17/2020	14:22	Directional - Campus	In Person
o32550822	8/17/2020	14:15	Technical Support	In Person
o32548868	8/17/2020	13:02	Fax Machine	In Person
o32548632	8/17/2020	12:53	FAFSA/Registration PapersFAFSA / Registration Papers	In Person
o32548496	8/17/2020	12:48	Scanner	LibAnswers System
o32547072	8/17/2020	11:54	Hours / Access Policy	Telephone
o32546322	8/17/2020	11:26	Wi-Fi	In Person
o32545814	8/17/2020	11:08	Borrow Laptop / Device	Telephone
o32545823	8/17/2020	11:08	Printing	In Person
o32545774	8/17/2020	11:06	Hours / Access Policy	Telephone
o32545032	8/17/2020	10:34	Technical Support	In Person
o32544171	8/17/2020	9:52	Technical Support	E-Mail
o32543695	8/17/2020	9:28	Scanner	LibAnswers System
o32543213	8/17/2020	9:02	Guest Login	Telephone
o32542110	8/16/2020	19:43	Hours / Access Policy	Telephone
o32542107	8/16/2020	19:42	Hours / Access Policy	Telephone
o32542049	8/16/2020	19:15	Wi-Fi	In Person
o32542016	8/16/2020	18:57	Computer Headcount	Computer Headcount
o32541968	8/16/2020	18:32	Hours / Access Policy	Telephone
o32541969	8/16/2020	18:32	Hours / Access Policy	Telephone
o32541932	8/16/2020	18:14	Computer Headcount	Computer Headcount
o32541752	8/16/2020	17:02	Computer Headcount	Computer Headcount
o32541713	8/16/2020	16:56	Borrowing Books	In Person
o32541659	8/16/2020	16:38	Database Access Issue	In Person
o32541638	8/16/2020	16:31	Computer Login / Policy / Use	In Person
o32541582	8/16/2020	16:14	Computer Headcount	Computer Headcount
o32541512	8/16/2020	15:52	Printing	In Person
o32541454	8/16/2020	15:36	Printing	In Person
o32541424	8/16/2020	15:26	Computer Login / Policy / Use	In Person
o32541383	8/16/2020	15:16	Computer Headcount	Computer Headcount
o32541187	8/16/2020	14:16	Computer Headcount	Computer Headcount
o32533813	8/14/2020	15:27	Borrowing Books	Voicemail
o32529742	8/14/2020	11:53	Scanner	LibAnswers System
o32529015	8/14/2020	10:58	Scanner	LibAnswers System
o32525986	8/13/2020	17:55	Database Access Issue	Voicemail
o32525622	8/13/2020	17:32	Borrow Laptop / Device	Voicemail
o32525416	8/13/2020	17:17	Directional - Library	Voicemail
o32525244	8/13/2020	17:03	Other/Hang Up/No Answer	Voicemail
o32525156	8/13/2020	16:56	Wi-Fi	Voicemail
o32522314	8/13/2020	14:11	Printing	LibAnswers System
o32521085	8/13/2020	13:11	Scanner	LibAnswers System
o32519474	8/13/2020	11:32	Hours / Access Policy	Telephone
o32519458	8/13/2020	11:30	Wi-Fi	Telephone
o32519431	8/13/2020	11:28	Wi-Fi	Telephone
o32516690	8/12/2020	19:39	Office Supplies	LibAnswers System
o32516676	8/12/2020	19:34	Scanner	LibAnswers System
o32515775	8/12/2020	18:01	Scanner	LibAnswers System
o32512762	8/12/2020	14:50	Scanner	LibAnswers System
o32510523	8/12/2020	12:45	Hours / Access Policy	Telephone
o32510500	8/12/2020	12:44	Technical Support	Telephone
o32510465	8/12/2020	12:42	Other/Hang Up/No Answer	E-Mail
o32510093	8/12/2020	12:20	Scanner	LibAnswers System
o32506711	8/11/2020	20:20	Scanner	E-Mail
o32506652	8/11/2020	20:03	Scanner	E-Mail
o32506643	8/11/2020	20:00	Borrowing Books	E-Mail
o32506573	8/11/2020	19:48	Borrowing Books	LibAnswers System
o32506444	8/11/2020	19:21	Borrowing Books	LibAnswers System
o32498027	8/11/2020	10:37	Wi-Fi	Telephone
o32497301	8/11/2020	9:46	Technical Support	LibAnswers System
o32495160	8/10/2020	18:09	Technical Support	LibAnswers System
o32495068	8/10/2020	18:04	MS Office	LibAnswers System
o32489516	8/10/2020	12:59	Technical Support	In Person
o32487379	8/10/2020	11:04	Hours / Access Policy	Telephone
o32487327	8/10/2020	11:02	Technical Support	Telephone
o32487307	8/10/2020	11:00	Borrow Laptop / Device	Telephone
o32484180	8/9/2020	14:20	Directional - Campus	LibAnswers System
o32484141	8/9/2020	13:59	Hours / Access Policy	LibAnswers System
o32484136	8/9/2020	13:57	Directional - Campus	LibAnswers System
o32484112	8/9/2020	13:49	Borrow Laptop / Device	LibAnswers System
o32480746	8/7/2020	21:48	Computer Login / Policy / Use	Voicemail
o32480621	8/7/2020	20:23	General Information	Voicemail
o32480499	8/7/2020	19:53	Directional - Library	Voicemail
o32480351	8/7/2020	19:10	Hours / Access Policy	Voicemail
o32478974	8/7/2020	17:20	Hours / Access Policy	LibAnswers System
o32464218	8/6/2020	10:50	Borrowing Books	LibAnswers System
o32464173	8/6/2020	10:47	EndNote - Download / Install	LibAnswers System
o32463243	8/6/2020	9:05	Scanner	LibAnswers System
o32462448	8/5/2020	20:05	Borrowing Books	Voicemail
o32462290	8/5/2020	19:42	Database Access Issue	Voicemail
o32462204	8/5/2020	19:23	Technical Support	Voicemail
o32462037	8/5/2020	18:55	Technical Support	Voicemail
o32450271	8/4/2020	16:07	Technical Support	Voicemail
o32450251	8/4/2020	16:06	Technical Support	Voicemail
o32443571	8/3/2020	20:18	General Information	LibAnswers System
o32426549	7/31/2020	17:30	Hours / Access Policy	LibAnswers System
o32425436	7/31/2020	15:57	Technical Support	LibAnswers System
o32415185	7/30/2020	13:01	General Information	LibAnswers System
o32414414	7/30/2020	11:50	Borrowing Books	LibAnswers System
o32368914	7/23/2020	15:28	Hours / Access Policy	Voicemail
o32365414	7/23/2020	10:59	Fax Machine	LibAnswers System
o32362453	7/22/2020	17:58	Other/Hang Up/No Answer	Voicemail
o32362319	7/22/2020	17:47	Computer Headcount	Voicemail
o32362142	7/22/2020	17:32	Borrowing Books	Voicemail
o32360165	7/22/2020	15:12	Borrowing Books	E-Mail
o32352554	7/21/2020	16:55	Computer Headcount	LibAnswers System
o32352146	7/21/2020	16:23	General Information	Voicemail
o32352105	7/21/2020	16:21	Other/Hang Up/No Answer	Voicemail
o32352100	7/21/2020	16:20	Borrow Laptop / Device	Voicemail
o32352066	7/21/2020	16:19	Technical Support	Voicemail
o32346382	7/21/2020	8:34	FAFSA/Registration PapersFAFSA / Registration Papers	LibAnswers System
o32343682	7/20/2020	17:02	EndNote - Use	Voicemail
o32342969	7/20/2020	16:17	Other/Hang Up/No Answer	Voicemail
o32342867	7/20/2020	16:14	Other/Hang Up/No Answer	Voicemail
o32335071	7/19/2020	15:32	RefWorks - Use	LibAnswers System
o32335039	7/19/2020	15:20	Computer Headcount	LibAnswers System
o32334705	7/19/2020	13:11	Fax Machine	LibAnswers System
o32326510	7/17/2020	13:02	Borrowing Books	LibAnswers System
o32322652	7/16/2020	18:07	FAFSA/Registration PapersFAFSA / Registration Papers	LibAnswers System
o32316295	7/16/2020	9:41	FAFSA/Registration PapersFAFSA / Registration Papers	LibAnswers System
o32314986	7/15/2020	19:25	Hours / Access Policy	Voicemail
o32290695	7/15/2020	9:55	Hours / Access Policy	LibAnswers System
o32289873	7/14/2020	23:38	Other/Hang Up/No Answer	Voicemail
o32289870	7/14/2020	23:34	Other/Hang Up/No Answer	Voicemail
o32289869	7/14/2020	23:29	Research - Locate Book / Article	Voicemail
o32289867	7/14/2020	23:18	Other/Hang Up/No Answer	Voicemail
o32289864	7/14/2020	23:13	Directional - Campus	Voicemail
o32286646	7/14/2020	15:56	Borrowing Books	LibAnswers System
o32280181	7/13/2020	19:27	Borrowing Books	LibAnswers System
o32270900	7/13/2020	8:40	Computer Headcount	LibAnswers System
o32269523	7/12/2020	14:42	RefWorks - Use	LibAnswers System
o32269386	7/12/2020	14:02	Fax Machine	LibAnswers System
o32269373	7/12/2020	13:58	Borrowing Books	LibAnswers System
o32265112	7/10/2020	18:20	Hours / Access Policy	Voicemail
o32265050	7/10/2020	18:18	Other/Hang Up/No Answer	Voicemail
o32265048	7/10/2020	18:17	Other/Hang Up/No Answer	Voicemail
o32265039	7/10/2020	18:16	Borrowing Books	Voicemail
o32264939	7/10/2020	18:13	Borrowing Books	Voicemail
o32255566	7/9/2020	16:52	Technical Support	Voicemail
o32255549	7/9/2020	16:51	Borrowing Books	Voicemail
o32255520	7/9/2020	16:49	Respondus	Voicemail
o32255492	7/9/2020	16:47	Borrowing Books	Voicemail
o32255354	7/9/2020	16:39	EndNote - Download / Install	Voicemail
o32255304	7/9/2020	16:37	Hours / Access Policy	Voicemail
o32255314	7/9/2020	16:37	Other/Hang Up/No Answer	Voicemail
o32255284	7/9/2020	16:35	Other/Hang Up/No Answer	Voicemail
o32255255	7/9/2020	16:34	Borrowing Books	Voicemail
o32255271	7/9/2020	16:34	Other/Hang Up/No Answer	Voicemail
o32255238	7/9/2020	16:32	EndNote - Download / Install	Voicemail
o32255217	7/9/2020	16:31	Other/Hang Up/No Answer	Voicemail
o32255201	7/9/2020	16:30	Other/Hang Up/No Answer	Voicemail
o32255184	7/9/2020	16:29	Borrowing Books	Voicemail
o32255153	7/9/2020	16:27	Hours / Access Policy	Voicemail
o32255129	7/9/2020	16:26	Other/Hang Up/No Answer	Voicemail
o32255115	7/9/2020	16:25	Other/Hang Up/No Answer	Voicemail
o32255094	7/9/2020	16:24	Other/Hang Up/No Answer	Voicemail
o32255058	7/9/2020	16:22	General Information	Voicemail
o32255011	7/9/2020	16:18	Other/Hang Up/No Answer	Voicemail
o32255001	7/9/2020	16:17	Borrowing Books	Voicemail
o32254978	7/9/2020	16:16	Borrowing Books	Voicemail
o32254956	7/9/2020	16:14	Borrow Laptop / Device	Voicemail
o32254914	7/9/2020	16:12	Borrowing Books	Voicemail
o32254898	7/9/2020	16:11	Other/Hang Up/No Answer	Voicemail
o32254878	7/9/2020	16:10	Other/Hang Up/No Answer	Voicemail
o32254562	7/9/2020	15:51	Borrowing Books	LibAnswers System
o32254210	7/9/2020	15:24	Borrowing Books	LibAnswers System
o32253897	7/9/2020	15:03	Borrowing Books	LibAnswers System
o32248216	7/8/2020	18:39	Fax Machine	LibAnswers System
o32242270	7/8/2020	12:10	Fax Machine	E-Mail
o32240241	7/8/2020	9:06	Computer Headcount	LibAnswers System
o32240225	7/8/2020	9:03	RefWorks - Use	LibAnswers System
o32238270	7/7/2020	16:00	FAFSA/Registration PapersFAFSA / Registration Papers	E-Mail
o32229694	7/6/2020	21:43	FAFSA/Registration PapersFAFSA / Registration Papers	LibAnswers System
o32229243	7/6/2020	19:40	Borrowing Books	LibAnswers System
o32226853	7/6/2020	16:48	Borrowing Books	Voicemail
o32226808	7/6/2020	16:46	Borrowing Books	Voicemail
o32226776	7/6/2020	16:45	Other/Hang Up/No Answer	Voicemail
o32226753	7/6/2020	16:43	Other/Hang Up/No Answer	Voicemail
o32226722	7/6/2020	16:42	Other/Hang Up/No Answer	Voicemail
o32226693	7/6/2020	16:41	Other/Hang Up/No Answer	Voicemail
o32226683	7/6/2020	16:40	Other/Hang Up/No Answer	Voicemail
o32226508	7/6/2020	16:37	Other/Hang Up/No Answer	Voicemail
o32226355	7/6/2020	16:29	General Information	Voicemail
o32226260	7/6/2020	16:24	Other/Hang Up/No Answer	Voicemail
o32226218	7/6/2020	16:22	Other/Hang Up/No Answer	Voicemail
o32226201	7/6/2020	16:21	Other/Hang Up/No Answer	Voicemail
o32226181	7/6/2020	16:20	General Information	Voicemail
o32226133	7/6/2020	16:18	General Information	Voicemail
o32226095	7/6/2020	16:15	Other/Hang Up/No Answer	Voicemail
o32226048	7/6/2020	16:13	EndNote - Download / Install	Voicemail
o32225992	7/6/2020	16:10	Borrowing Books	Voicemail
o32225960	7/6/2020	16:08	Borrowing Books	E-Mail
o32225902	7/6/2020	16:05	Borrowing Books	Voicemail
o32229696	7/6/2020	13:00	Hours / Access Policy	E-Mail
o32221138	7/6/2020	11:41	FAFSA/Registration PapersFAFSA / Registration Papers	LibAnswers System
o32217047	7/5/2020	14:53	FAFSA/Registration PapersFAFSA / Registration Papers	LibAnswers System
o32213255	7/2/2020	19:54	Other/Hang Up/No Answer	Voicemail
o32213251	7/2/2020	19:52	Other/Hang Up/No Answer	Voicemail
o32213242	7/2/2020	19:51	Other/Hang Up/No Answer	Voicemail
o32213217	7/2/2020	19:47	Borrow Laptop / Device	Voicemail
o32213203	7/2/2020	19:45	Borrow Laptop / Device	Voicemail
o32213107	7/2/2020	19:38	Hours / Access Policy	Voicemail
o32213094	7/2/2020	19:36	Hours / Access Policy	Voicemail
o32213062	7/2/2020	19:30	Other/Hang Up/No Answer	Voicemail
o32213049	7/2/2020	19:28	Technical Support	Voicemail
o32213036	7/2/2020	19:25	Borrow Laptop / Device	Voicemail
o32212975	7/2/2020	19:23	Borrow Laptop / Device	Voicemail
o32183516	6/29/2020	17:47	FAFSA/Registration PapersFAFSA / Registration Papers	LibAnswers System
o32166107	6/29/2020	12:25	Borrowing Books	E-Mail
o32159355	6/27/2020	13:38	Borrowing Books	LibAnswers System
o32158609	6/26/2020	22:46	Borrow Laptop / Device	Voicemail
o32158608	6/26/2020	22:39	Borrow Laptop / Device	Voicemail
o32158605	6/26/2020	22:25	Fax Machine	Voicemail
o32158596	6/26/2020	21:57	Borrowing Books	Voicemail
o32158590	6/26/2020	21:46	Borrowing Books	Voicemail
o32158554	6/26/2020	20:56	Respondus	Voicemail
o32158478	6/26/2020	20:07	Technical Support	Voicemail
o32148754	6/25/2020	15:59	Borrowing Books	Voicemail
o32148581	6/25/2020	15:46	Borrowing Books	Voicemail
o32148359	6/25/2020	15:26	Borrow Laptop / Device	Voicemail
o32144185	6/25/2020	9:58	RefWorks - Use	LibAnswers System
o32143130	6/24/2020	20:22	Other/Hang Up/No Answer	Voicemail
o32143076	6/24/2020	20:04	Other/Hang Up/No Answer	Voicemail
o32143018	6/24/2020	19:47	Other/Hang Up/No Answer	Voicemail
o32142925	6/24/2020	19:28	Borrowing Books	Voicemail
o32142762	6/24/2020	18:56	Hours / Access Policy	Voicemail
o32142477	6/24/2020	18:12	Other/Hang Up/No Answer	Voicemail
o32141998	6/24/2020	17:16	Other/Hang Up/No Answer	Voicemail
o32141960	6/24/2020	17:11	Hours / Access Policy	Voicemail
o32141727	6/24/2020	16:50	Hours / Access Policy	Voicemail
o32141607	6/24/2020	16:41	Borrowing Books	Voicemail
o32141161	6/24/2020	16:01	Borrowing Books	Voicemail
o32141067	6/24/2020	15:53	Borrowing Books	Voicemail
o32140825	6/24/2020	15:35	Borrow Laptop / Device	Voicemail
o32140712	6/24/2020	15:28	Borrowing Books	Voicemail
o32135852	6/24/2020	8:29	Hours / Access Policy	LibAnswers System
o32126151	6/23/2020	8:38	Computer Headcount	LibAnswers System
o32125508	6/22/2020	20:22	Hours / Access Policy	Voicemail
o32125061	6/22/2020	18:47	Research - Locate Book / Article	Voicemail
o32124871	6/22/2020	18:17	Borrowing Books	Voicemail
o32124470	6/22/2020	17:37	Borrow Laptop / Device	Voicemail
o32123087	6/22/2020	15:57	Computer Headcount	Voicemail
o32123024	6/22/2020	15:53	Borrowing Books	LibAnswers System
o32115793	6/21/2020	13:29	Borrowing Books	LibAnswers System
o32113289	6/19/2020	17:28	Computer Headcount	LibAnswers System
o32112413	6/19/2020	15:40	General Information	LibAnswers System
o32101751	6/18/2020	11:35	Fax Machine	LibAnswers System
o32097589	6/17/2020	16:26	Borrowing Books	LibAnswers System
o32092517	6/17/2020	9:26	Fax Machine	LibAnswers System
o32091049	6/16/2020	18:31	Borrowing Books	LibAnswers System
o32079530	6/15/2020	15:10	Borrowing Books	E-Mail
o32079212	6/15/2020	14:48	Workshop / Instruction Request	E-Mail
o32078705	6/15/2020	14:13	Workshop / Instruction Request	E-Mail
o32078508	6/15/2020	13:59	Workshop / Instruction Request	E-Mail
o32078318	6/15/2020	13:45	General Information	Voicemail
o32078186	6/15/2020	13:36	Other/Hang Up/No Answer	Voicemail
o32078163	6/15/2020	13:34	Database Access Issue	Voicemail
o32070165	6/12/2020	21:24	Hours / Access Policy	LibAnswers System
o32069725	6/12/2020	18:21	General Information	Voicemail
o32069440	6/12/2020	17:41	Hours / Access Policy	Voicemail
o32047538	6/10/2020	7:41	FAFSA/Registration PapersFAFSA / Registration Papers	LibAnswers System
o32046593	6/9/2020	18:41	Borrowing Books	LibAnswers System
o32025627	6/5/2020	17:14	Borrowing Books	LibAnswers System
o32004082	6/2/2020	17:44	Fax Machine	LibAnswers System
o32003838	6/2/2020	17:19	Fax Machine	LibAnswers System
o31989317	6/1/2020	10:37	Computer Headcount	LibAnswers System
o31986784	5/31/2020	16:07	FAFSA/Registration PapersFAFSA / Registration Papers	LibAnswers System
o31986747	5/31/2020	15:56	Borrowing Books	LibAnswers System
o31986426	5/31/2020	14:04	Borrowing Books	LibAnswers System
o31977610	5/28/2020	18:43	RefWorks - Use	LibAnswers System
o31977488	5/28/2020	18:24	Computer Headcount	LibAnswers System
o31959483	5/26/2020	15:36	Computer Headcount	E-Mail
